ChangeID,timestamp,record_id,record_name,column_changed,old_value,new_value,feedback_source,notes,reason,evidence_url,changed_by,RuleAction
demo-20251202_140327_1,2025-12-02T14:03:28.080269,NYC_GOID_000002,Administration for Children's Services,BudgetCode,68.0,068,System_GlobalRule,Formatted BudgetCode,,,NYCGO Admin UI,FORMAT_BUDGET_CODE
demo-20251202_140327_2,2025-12-02T14:03:28.080485,NYC_GOID_000021,Board of Correction,BudgetCode,73.0,073,System_GlobalRule,Formatted BudgetCode,,,NYCGO Admin UI,FORMAT_BUDGET_CODE
demo-20251202_140327_3,2025-12-02T14:03:28.080661,NYC_GOID_000023,Board of Elections,BudgetCode,3.0,003,System_GlobalRule,Formatted BudgetCode,,,NYCGO Admin UI,FORMAT_BUDGET_CODE
demo-20251202_140327_4,2025-12-02T14:03:28.080822,NYC_GOID_000026,Office of the Borough President of The Bronx,BudgetCode,11.0,011,System_GlobalRule,Formatted BudgetCode,,,NYCGO Admin UI,FORMAT_BUDGET_CODE
demo-20251202_140327_5,2025-12-02T14:03:28.080973,NYC_GOID_000027,Office of the Borough President of Brooklyn,BudgetCode,12.0,012,System_GlobalRule,Formatted BudgetCode,,,NYCGO Admin UI,FORMAT_BUDGET_CODE
demo-20251202_140327_6,2025-12-02T14:03:28.081139,NYC_GOID_000028,Office of the Borough President of Manhattan,BudgetCode,10.0,010,System_GlobalRule,Formatted BudgetCode,,,NYCGO Admin UI,FORMAT_BUDGET_CODE
demo-20251202_140327_7,2025-12-02T14:03:28.081279,NYC_GOID_000029,Office of the Borough President of Queens,BudgetCode,13.0,013,System_GlobalRule,Formatted BudgetCode,,,NYCGO Admin UI,FORMAT_BUDGET_CODE
demo-20251202_140327_8,2025-12-02T14:03:28.081437,NYC_GOID_000030,Office of the Borough President of Staten Island,BudgetCode,14.0,014,System_GlobalRule,Formatted BudgetCode,,,NYCGO Admin UI,FORMAT_BUDGET_CODE
demo-20251202_140327_9,2025-12-02T14:03:28.081591,NYC_GOID_000038,Brooklyn Public Library,BudgetCode,38.0,038,System_GlobalRule,Formatted BudgetCode,,,NYCGO Admin UI,FORMAT_BUDGET_CODE
demo-20251202_140327_10,2025-12-02T14:03:28.081720,NYC_GOID_000040,Business Integrity Commission,BudgetCode,829.0,829,System_GlobalRule,Formatted BudgetCode,,,NYCGO Admin UI,FORMAT_BUDGET_CODE
demo-20251202_140327_11,2025-12-02T14:03:28.081853,NYC_GOID_000042,Campaign Finance Board,BudgetCode,4.0,004,System_GlobalRule,Formatted BudgetCode,,,NYCGO Admin UI,FORMAT_BUDGET_CODE
demo-20251202_140327_12,2025-12-02T14:03:28.081978,NYC_GOID_000047,Center for Innovation through Data Intelligence,BudgetCode,2.0,002,System_GlobalRule,Formatted BudgetCode,,,NYCGO Admin UI,FORMAT_BUDGET_CODE
demo-20251202_140327_13,2025-12-02T14:03:28.082123,NYC_GOID_000052,Chief Climate Officer,BudgetCode,2.0,002,System_GlobalRule,Formatted BudgetCode,,,NYCGO Admin UI,FORMAT_BUDGET_CODE
demo-20251202_140327_14,2025-12-02T14:03:28.082245,NYC_GOID_000053,Chief Efficiency Officer,BudgetCode,2.0,002,System_GlobalRule,Formatted BudgetCode,,,NYCGO Admin UI,FORMAT_BUDGET_CODE
demo-20251202_140327_15,2025-12-02T14:03:28.082366,NYC_GOID_000054,Chief Housing Officer,BudgetCode,2.0,002,System_GlobalRule,Formatted BudgetCode,,,NYCGO Admin UI,FORMAT_BUDGET_CODE
demo-20251202_140327_16,2025-12-02T14:03:28.082487,NYC_GOID_000096,City Commission on Human Rights,BudgetCode,226.0,226,System_GlobalRule,Formatted BudgetCode,,,NYCGO Admin UI,FORMAT_BUDGET_CODE
demo-20251202_140327_17,2025-12-02T14:03:28.082608,NYC_GOID_000097,New York City Council,BudgetCode,102.0,102,System_GlobalRule,Formatted BudgetCode,,,NYCGO Admin UI,FORMAT_BUDGET_CODE
demo-20251202_140327_18,2025-12-02T14:03:28.082735,NYC_GOID_000099,City University of New York,BudgetCode,42.0,042,System_GlobalRule,Formatted BudgetCode,,,NYCGO Admin UI,FORMAT_BUDGET_CODE
demo-20251202_140327_19,2025-12-02T14:03:28.082857,NYC_GOID_000103,Civil Service Commission,BudgetCode,134.0,134,System_GlobalRule,Formatted BudgetCode,,,NYCGO Admin UI,FORMAT_BUDGET_CODE
demo-20251202_140327_20,2025-12-02T14:03:28.083002,NYC_GOID_000105,Civilian Complaint Review Board,BudgetCode,54.0,054,System_GlobalRule,Formatted BudgetCode,,,NYCGO Admin UI,FORMAT_BUDGET_CODE
demo-20251202_140327_21,2025-12-02T14:03:28.083129,NYC_GOID_000117,Mayor's Community Affairs Unit,BudgetCode,2.0,002,System_GlobalRule,Formatted BudgetCode,,,NYCGO Admin UI,FORMAT_BUDGET_CODE
demo-20251202_140327_22,2025-12-02T14:03:28.083251,NYC_GOID_000123,Office of the New York City Comptroller,BudgetCode,15.0,015,System_GlobalRule,Formatted BudgetCode,,,NYCGO Admin UI,FORMAT_BUDGET_CODE
demo-20251202_140327_23,2025-12-02T14:03:28.083369,NYC_GOID_000124,Conflicts of Interest Board,BudgetCode,312.0,312,System_GlobalRule,Formatted BudgetCode,,,NYCGO Admin UI,FORMAT_BUDGET_CODE
demo-20251202_140327_24,2025-12-02T14:03:28.083487,NYC_GOID_000128,Chief Counsel to the Mayor and City Hall,BudgetCode,2.0,002,System_GlobalRule,Formatted BudgetCode,,,NYCGO Admin UI,FORMAT_BUDGET_CODE
demo-20251202_140327_25,2025-12-02T14:03:28.083604,NYC_GOID_000134,DemocracyNYC,BudgetCode,2.0,002,System_GlobalRule,Formatted BudgetCode,,,NYCGO Admin UI,FORMAT_BUDGET_CODE
demo-20251202_140327_26,2025-12-02T14:03:28.083723,NYC_GOID_000135,Department for the Aging,BudgetCode,125.0,125,System_GlobalRule,Formatted BudgetCode,,,NYCGO Admin UI,FORMAT_BUDGET_CODE
demo-20251202_140327_27,2025-12-02T14:03:28.083843,NYC_GOID_000136,Department of Buildings,BudgetCode,810.0,810,System_GlobalRule,Formatted BudgetCode,,,NYCGO Admin UI,FORMAT_BUDGET_CODE
demo-20251202_140327_28,2025-12-02T14:03:28.083976,NYC_GOID_000137,Department of City Planning,BudgetCode,30.0,030,System_GlobalRule,Formatted BudgetCode,,,NYCGO Admin UI,FORMAT_BUDGET_CODE
demo-20251202_140327_29,2025-12-02T14:03:28.084135,NYC_GOID_000138,Department of Citywide Administrative Services,BudgetCode,857.0,857,System_GlobalRule,Formatted BudgetCode,,,NYCGO Admin UI,FORMAT_BUDGET_CODE
demo-20251202_140327_30,2025-12-02T14:03:28.084260,NYC_GOID_000139,Department of Consumer and Worker Protection,BudgetCode,866.0,866,System_GlobalRule,Formatted BudgetCode,,,NYCGO Admin UI,FORMAT_BUDGET_CODE
demo-20251202_140327_31,2025-12-02T14:03:28.084382,NYC_GOID_000140,Department of Correction,BudgetCode,72.0,072,System_GlobalRule,Formatted BudgetCode,,,NYCGO Admin UI,FORMAT_BUDGET_CODE
demo-20251202_140327_32,2025-12-02T14:03:28.084503,NYC_GOID_000141,Department of Cultural Affairs,BudgetCode,126.0,126,System_GlobalRule,Formatted BudgetCode,,,NYCGO Admin UI,FORMAT_BUDGET_CODE
demo-20251202_140327_33,2025-12-02T14:03:28.084625,NYC_GOID_000142,Department of Design and Construction,BudgetCode,850.0,850,System_GlobalRule,Formatted BudgetCode,,,NYCGO Admin UI,FORMAT_BUDGET_CODE
demo-20251202_140327_34,2025-12-02T14:03:28.084746,NYC_GOID_000143,New York City Public Schools,BudgetCode,40.0,040,System_GlobalRule,Formatted BudgetCode,,,NYCGO Admin UI,FORMAT_BUDGET_CODE
demo-20251202_140327_35,2025-12-02T14:03:28.084895,NYC_GOID_000144,Department of Environmental Protection,BudgetCode,826.0,826,System_GlobalRule,Formatted BudgetCode,,,NYCGO Admin UI,FORMAT_BUDGET_CODE
demo-20251202_140327_36,2025-12-02T14:03:28.085123,NYC_GOID_000145,Department of Finance,BudgetCode,836.0,836,System_GlobalRule,Formatted BudgetCode,,,NYCGO Admin UI,FORMAT_BUDGET_CODE
demo-20251202_140327_37,2025-12-02T14:03:28.085323,NYC_GOID_000146,Department of Health and Mental Hygiene,BudgetCode,816.0,816,System_GlobalRule,Formatted BudgetCode,,,NYCGO Admin UI,FORMAT_BUDGET_CODE
demo-20251202_140327_38,2025-12-02T14:03:28.085568,NYC_GOID_000148,Department of Investigation,BudgetCode,32.0,032,System_GlobalRule,Formatted BudgetCode,,,NYCGO Admin UI,FORMAT_BUDGET_CODE
demo-20251202_140327_39,2025-12-02T14:03:28.085815,NYC_GOID_000149,Department of Parks and Recreation,BudgetCode,846.0,846,System_GlobalRule,Formatted BudgetCode,,,NYCGO Admin UI,FORMAT_BUDGET_CODE
demo-20251202_140327_40,2025-12-02T14:03:28.086054,NYC_GOID_000150,Department of Probation,BudgetCode,781.0,781,System_GlobalRule,Formatted BudgetCode,,,NYCGO Admin UI,FORMAT_BUDGET_CODE
demo-20251202_140327_41,2025-12-02T14:03:28.086249,NYC_GOID_000151,Department of Records and Information Services,BudgetCode,860.0,860,System_GlobalRule,Formatted BudgetCode,,,NYCGO Admin UI,FORMAT_BUDGET_CODE
demo-20251202_140327_42,2025-12-02T14:03:28.086457,NYC_GOID_000152,New York City Department of Sanitation,BudgetCode,827.0,827,System_GlobalRule,Formatted BudgetCode,,,NYCGO Admin UI,FORMAT_BUDGET_CODE
demo-20251202_140327_43,2025-12-02T14:03:28.086657,NYC_GOID_000153,Department of Small Business Services,BudgetCode,801.0,801,System_GlobalRule,Formatted BudgetCode,,,NYCGO Admin UI,FORMAT_BUDGET_CODE
demo-20251202_140327_44,2025-12-02T14:03:28.086861,NYC_GOID_000154,Department of Social Services,BudgetCode,69.0,069,System_GlobalRule,Formatted BudgetCode,,,NYCGO Admin UI,FORMAT_BUDGET_CODE
demo-20251202_140327_45,2025-12-02T14:03:28.087085,NYC_GOID_000155,Department of Homeless Services,BudgetCode,71.0,071,System_GlobalRule,Formatted BudgetCode,,,NYCGO Admin UI,FORMAT_BUDGET_CODE
demo-20251202_140327_46,2025-12-02T14:03:28.087332,NYC_GOID_000157,New York City Department of Transportation,BudgetCode,841.0,841,System_GlobalRule,Formatted BudgetCode,,,NYCGO Admin UI,FORMAT_BUDGET_CODE
demo-20251202_140327_47,2025-12-02T14:03:28.087560,NYC_GOID_000158,Department of Veterans' Services,BudgetCode,63.0,063,System_GlobalRule,Formatted BudgetCode,,,NYCGO Admin UI,FORMAT_BUDGET_CODE
demo-20251202_140327_48,2025-12-02T14:03:28.087807,NYC_GOID_000159,Department of Youth and Community Development,BudgetCode,260.0,260,System_GlobalRule,Formatted BudgetCode,,,NYCGO Admin UI,FORMAT_BUDGET_CODE
demo-20251202_140327_49,2025-12-02T14:03:28.088069,NYC_GOID_000161,Deputy Mayor for Health and Human Services,BudgetCode,2.0,002,System_GlobalRule,Formatted BudgetCode,,,NYCGO Admin UI,FORMAT_BUDGET_CODE
demo-20251202_140327_50,2025-12-02T14:03:28.088320,NYC_GOID_000162,Deputy Mayor of Housing Economic and Workforce Development,BudgetCode,2.0,002,System_GlobalRule,Formatted BudgetCode,,,NYCGO Admin UI,FORMAT_BUDGET_CODE
demo-20251202_140327_51,2025-12-02T14:03:28.088551,NYC_GOID_000163,Deputy Mayor for Operations,BudgetCode,2.0,002,System_GlobalRule,Formatted BudgetCode,,,NYCGO Admin UI,FORMAT_BUDGET_CODE
demo-20251202_140327_52,2025-12-02T14:03:28.088765,NYC_GOID_000164,Deputy Mayor for Public Safety,BudgetCode,2.0,002,System_GlobalRule,Formatted BudgetCode,,,NYCGO Admin UI,FORMAT_BUDGET_CODE
demo-20251202_140327_53,2025-12-02T14:03:28.088975,NYC_GOID_000165,Deputy Mayor for Strategic Initiatives,BudgetCode,2.0,002,System_GlobalRule,Formatted BudgetCode,,,NYCGO Admin UI,FORMAT_BUDGET_CODE
demo-20251202_140327_54,2025-12-02T14:03:28.089250,NYC_GOID_000166,Deputy Mayor for Communications,BudgetCode,2.0,002,System_GlobalRule,Formatted BudgetCode,,,NYCGO Admin UI,FORMAT_BUDGET_CODE
demo-20251202_140327_55,2025-12-02T14:03:28.089508,NYC_GOID_000185,Equal Employment Practices Commission,BudgetCode,133.0,133,System_GlobalRule,Formatted BudgetCode,,,NYCGO Admin UI,FORMAT_BUDGET_CODE
demo-20251202_140327_56,2025-12-02T14:03:28.089754,NYC_GOID_000191,Fire Department of the City of New York,BudgetCode,57.0,057,System_GlobalRule,Formatted BudgetCode,,,NYCGO Admin UI,FORMAT_BUDGET_CODE
demo-20251202_140327_57,2025-12-02T14:03:28.090013,NYC_GOID_000193,First Deputy Mayor,BudgetCode,2.0,002,System_GlobalRule,Formatted BudgetCode,,,NYCGO Admin UI,FORMAT_BUDGET_CODE
demo-20251202_140327_58,2025-12-02T14:03:28.090268,NYC_GOID_000216,Department of Housing Preservation and Development,BudgetCode,806.0,806,System_GlobalRule,Formatted BudgetCode,,,NYCGO Admin UI,FORMAT_BUDGET_CODE
demo-20251202_140327_59,2025-12-02T14:03:28.090517,NYC_GOID_000217,Mayor's Office of Housing Recovery Operations,BudgetCode,2.0,002,System_GlobalRule,Formatted BudgetCode,,,NYCGO Admin UI,FORMAT_BUDGET_CODE
demo-20251202_140327_60,2025-12-02T14:03:28.090764,NYC_GOID_000222,Independent Budget Office,BudgetCode,132.0,132,System_GlobalRule,Formatted BudgetCode,,,NYCGO Admin UI,FORMAT_BUDGET_CODE
demo-20251202_140327_61,2025-12-02T14:03:28.091019,NYC_GOID_000226,Office of Intergovernmental Affairs,BudgetCode,2.0,002,System_GlobalRule,Formatted BudgetCode,,,NYCGO Admin UI,FORMAT_BUDGET_CODE
demo-20251202_140327_62,2025-12-02T14:03:28.091238,NYC_GOID_000236,Landmarks Preservation Commission,BudgetCode,136.0,136,System_GlobalRule,Formatted BudgetCode,,,NYCGO Admin UI,FORMAT_BUDGET_CODE
demo-20251202_140327_63,2025-12-02T14:03:28.091440,NYC_GOID_000238,New York City Law Department,BudgetCode,25.0,025,System_GlobalRule,Formatted BudgetCode,,,NYCGO Admin UI,FORMAT_BUDGET_CODE
demo-20251202_140327_64,2025-12-02T14:03:28.091631,NYC_GOID_000244,Mayor's Advance Team,BudgetCode,2.0,002,System_GlobalRule,Formatted BudgetCode,,,NYCGO Admin UI,FORMAT_BUDGET_CODE
demo-20251202_140327_65,2025-12-02T14:03:28.091840,NYC_GOID_000246,Deputy Mayor for Administration and Chief of Staff,BudgetCode,2.0,002,System_GlobalRule,Formatted BudgetCode,,,NYCGO Admin UI,FORMAT_BUDGET_CODE
demo-20251202_140327_66,2025-12-02T14:03:28.092065,NYC_GOID_000251,Office of the Mayor,BudgetCode,2.0,002,System_GlobalRule,Formatted BudgetCode,,,NYCGO Admin UI,FORMAT_BUDGET_CODE
demo-20251202_140327_67,2025-12-02T14:03:28.092280,NYC_GOID_000252,Mayor's Office for Economic Opportunity,BudgetCode,2.0,002,System_GlobalRule,Formatted BudgetCode,,,NYCGO Admin UI,FORMAT_BUDGET_CODE
demo-20251202_140327_68,2025-12-02T14:03:28.092505,NYC_GOID_000253,Mayor's Office to End Domestic and Gender-Based Violence,BudgetCode,2.0,002,System_GlobalRule,Formatted BudgetCode,,,NYCGO Admin UI,FORMAT_BUDGET_CODE
demo-20251202_140327_69,2025-12-02T14:03:28.092736,NYC_GOID_000255,Mayor's Office for International Affairs,BudgetCode,2.0,002,System_GlobalRule,Formatted BudgetCode,,,NYCGO Admin UI,FORMAT_BUDGET_CODE
demo-20251202_140327_70,2025-12-02T14:03:28.092934,NYC_GOID_000256,Mayor's Office of Media and Research Analysis,BudgetCode,2.0,002,System_GlobalRule,Formatted BudgetCode,,,NYCGO Admin UI,FORMAT_BUDGET_CODE
demo-20251202_140327_71,2025-12-02T14:03:28.093171,NYC_GOID_000257,Mayor's Office for Nonprofit Services,BudgetCode,2.0,002,System_GlobalRule,Formatted BudgetCode,,,NYCGO Admin UI,FORMAT_BUDGET_CODE
demo-20251202_140327_72,2025-12-02T14:03:28.093371,NYC_GOID_000258,Mayor's Office of Administrative Services,BudgetCode,2.0,002,System_GlobalRule,Formatted BudgetCode,,,NYCGO Admin UI,FORMAT_BUDGET_CODE
demo-20251202_140327_73,2025-12-02T14:03:28.093578,NYC_GOID_000260,Mayor's Office of Appointments,BudgetCode,2.0,002,System_GlobalRule,Formatted BudgetCode,,,NYCGO Admin UI,FORMAT_BUDGET_CODE
demo-20251202_140327_74,2025-12-02T14:03:28.093776,NYC_GOID_000261,Mayor's Office of Citywide Events Coordination and Management,BudgetCode,2.0,002,System_GlobalRule,Formatted BudgetCode,,,NYCGO Admin UI,FORMAT_BUDGET_CODE
demo-20251202_140327_75,2025-12-02T14:03:28.094038,NYC_GOID_000262,Mayor's Office of Climate and Environmental Justice,BudgetCode,2.0,002,System_GlobalRule,Formatted BudgetCode,,,NYCGO Admin UI,FORMAT_BUDGET_CODE
demo-20251202_140327_76,2025-12-02T14:03:28.094257,NYC_GOID_000263,Mayor's Office of Climate and Sustainability,BudgetCode,2.0,002,System_GlobalRule,Formatted BudgetCode,,,NYCGO Admin UI,FORMAT_BUDGET_CODE
demo-20251202_140327_77,2025-12-02T14:03:28.094447,NYC_GOID_000264,Mayor's Office of Contract Services,BudgetCode,2.0,002,System_GlobalRule,Formatted BudgetCode,,,NYCGO Admin UI,FORMAT_BUDGET_CODE
demo-20251202_140327_78,2025-12-02T14:03:28.094650,NYC_GOID_000265,Mayor's Office of Correspondence,BudgetCode,2.0,002,System_GlobalRule,Formatted BudgetCode,,,NYCGO Admin UI,FORMAT_BUDGET_CODE
demo-20251202_140327_79,2025-12-02T14:03:28.094844,NYC_GOID_000266,Mayor's Office of Criminal Justice,BudgetCode,2.0,002,System_GlobalRule,Formatted BudgetCode,,,NYCGO Admin UI,FORMAT_BUDGET_CODE
demo-20251202_140327_80,2025-12-02T14:03:28.095062,NYC_GOID_000267,Mayor's Office of Equity and Racial Justice,BudgetCode,2.0,002,System_GlobalRule,Formatted BudgetCode,,,NYCGO Admin UI,FORMAT_BUDGET_CODE
demo-20251202_140327_81,2025-12-02T14:03:28.095257,NYC_GOID_000268,Mayor's Office of Ethnic and Community Media,BudgetCode,2.0,002,System_GlobalRule,Formatted BudgetCode,,,NYCGO Admin UI,FORMAT_BUDGET_CODE
demo-20251202_140327_82,2025-12-02T14:03:28.095485,NYC_GOID_000269,Mayor's Office of Food Policy,BudgetCode,2.0,002,System_GlobalRule,Formatted BudgetCode,,,NYCGO Admin UI,FORMAT_BUDGET_CODE
demo-20251202_140327_83,2025-12-02T14:03:28.095708,NYC_GOID_000270,Mayor's Office of Immigrant Affairs,BudgetCode,2.0,002,System_GlobalRule,Formatted BudgetCode,,,NYCGO Admin UI,FORMAT_BUDGET_CODE
demo-20251202_140327_84,2025-12-02T14:03:28.095938,NYC_GOID_000271,Mayor's Office of Media and Entertainment,BudgetCode,2.0,002,System_GlobalRule,Formatted BudgetCode,,,NYCGO Admin UI,FORMAT_BUDGET_CODE
demo-20251202_140327_85,2025-12-02T14:03:28.096181,NYC_GOID_000272,Mayor's Office of Minority and Women-Owned Business Enterprises,BudgetCode,2.0,002,System_GlobalRule,Formatted BudgetCode,,,NYCGO Admin UI,FORMAT_BUDGET_CODE
demo-20251202_140327_86,2025-12-02T14:03:28.096399,NYC_GOID_000274,Mayor's Office of Operations,BudgetCode,2.0,002,System_GlobalRule,Formatted BudgetCode,,,NYCGO Admin UI,FORMAT_BUDGET_CODE
demo-20251202_140327_87,2025-12-02T14:03:28.096631,NYC_GOID_000275,Mayor's Office of Pensions and Investments,BudgetCode,2.0,002,System_GlobalRule,Formatted BudgetCode,,,NYCGO Admin UI,FORMAT_BUDGET_CODE
demo-20251202_140327_88,2025-12-02T14:03:28.096893,NYC_GOID_000276,Mayor's Office of Policy and Planning,BudgetCode,2.0,002,System_GlobalRule,Formatted BudgetCode,,,NYCGO Admin UI,FORMAT_BUDGET_CODE
demo-20251202_140327_89,2025-12-02T14:03:28.097165,NYC_GOID_000277,Mayor's Office of Special Enforcement,BudgetCode,2.0,002,System_GlobalRule,Formatted BudgetCode,,,NYCGO Admin UI,FORMAT_BUDGET_CODE
demo-20251202_140327_90,2025-12-02T14:03:28.097390,NYC_GOID_000278,Mayor's Office of Special Projects and Community Events,BudgetCode,2.0,002,System_GlobalRule,Formatted BudgetCode,,,NYCGO Admin UI,FORMAT_BUDGET_CODE
demo-20251202_140327_91,2025-12-02T14:03:28.097609,NYC_GOID_000279,"Mayor's Office of Sports, Wellness and Recreation",BudgetCode,2.0,002,System_GlobalRule,Formatted BudgetCode,,,NYCGO Admin UI,FORMAT_BUDGET_CODE
demo-20251202_140327_92,2025-12-02T14:03:28.097843,NYC_GOID_000280,Mayor's Office of Strategic Partnerships,BudgetCode,2.0,002,System_GlobalRule,Formatted BudgetCode,,,NYCGO Admin UI,FORMAT_BUDGET_CODE
demo-20251202_140327_93,2025-12-02T14:03:28.098123,NYC_GOID_000281,Mayor's Office of Talent and Workforce Development,BudgetCode,2.0,002,System_GlobalRule,Formatted BudgetCode,,,NYCGO Admin UI,FORMAT_BUDGET_CODE
demo-20251202_140327_94,2025-12-02T14:03:28.098373,NYC_GOID_000283,Mayor's Office of Youth Employment,BudgetCode,2.0,002,System_GlobalRule,Formatted BudgetCode,,,NYCGO Admin UI,FORMAT_BUDGET_CODE
demo-20251202_140327_95,2025-12-02T14:03:28.098628,NYC_GOID_000284,Mayor's Office for People with Disabilities,BudgetCode,2.0,002,System_GlobalRule,Formatted BudgetCode,,,NYCGO Admin UI,FORMAT_BUDGET_CODE
demo-20251202_140327_96,2025-12-02T14:03:28.098879,NYC_GOID_000286,Mayor's Office to Protect Tenants,BudgetCode,2.0,002,System_GlobalRule,Formatted BudgetCode,,,NYCGO Admin UI,FORMAT_BUDGET_CODE
demo-20251202_140327_97,2025-12-02T14:03:28.099115,NYC_GOID_000287,Mayor's Office of Risk Management and Compliance,BudgetCode,2.0,002,System_GlobalRule,Formatted BudgetCode,,,NYCGO Admin UI,FORMAT_BUDGET_CODE
demo-20251202_140327_98,2025-12-02T14:03:28.099323,NYC_GOID_000288,Mayor's Office - Senior Advisor and Director of Public Service Engagement,BudgetCode,2.0,002,System_GlobalRule,Formatted BudgetCode,,,NYCGO Admin UI,FORMAT_BUDGET_CODE
demo-20251202_140327_99,2025-12-02T14:03:28.099512,NYC_GOID_000290,Mayor's Office - Senior Advisor to the Mayor,BudgetCode,2.0,002,System_GlobalRule,Formatted BudgetCode,,,NYCGO Admin UI,FORMAT_BUDGET_CODE
demo-20251202_140327_100,2025-12-02T14:03:28.099709,NYC_GOID_000291,Mayor's Office of Speechwriting,BudgetCode,2.0,002,System_GlobalRule,Formatted BudgetCode,,,NYCGO Admin UI,FORMAT_BUDGET_CODE
demo-20251202_140327_101,2025-12-02T14:03:28.099915,NYC_GOID_000292,Mayor's Press Office,BudgetCode,2.0,002,System_GlobalRule,Formatted BudgetCode,,,NYCGO Admin UI,FORMAT_BUDGET_CODE
demo-20251202_140327_102,2025-12-02T14:03:28.100180,NYC_GOID_000298,Mayor's Office of the Utility Consumer Advocate,BudgetCode,2.0,002,System_GlobalRule,Formatted BudgetCode,,,NYCGO Admin UI,FORMAT_BUDGET_CODE
demo-20251202_140327_103,2025-12-02T14:03:28.100371,NYC_GOID_000303,Municipal Division of Transitional Services,BudgetCode,2.0,002,System_GlobalRule,Formatted BudgetCode,,,NYCGO Admin UI,FORMAT_BUDGET_CODE
demo-20251202_140327_104,2025-12-02T14:03:28.100560,NYC_GOID_000306,Mayor's Office of Municipal Services Assessment,BudgetCode,2.0,002,System_GlobalRule,Formatted BudgetCode,,,NYCGO Admin UI,FORMAT_BUDGET_CODE
demo-20251202_140327_105,2025-12-02T14:03:28.100758,NYC_GOID_000312,New York City Children's Cabinet,BudgetCode,2.0,002,System_GlobalRule,Formatted BudgetCode,,,NYCGO Admin UI,FORMAT_BUDGET_CODE
demo-20251202_140327_106,2025-12-02T14:03:28.100950,NYC_GOID_000315,New York City Emergency Management,BudgetCode,17.0,017,System_GlobalRule,Formatted BudgetCode,,,NYCGO Admin UI,FORMAT_BUDGET_CODE
demo-20251202_140327_107,2025-12-02T14:03:28.101189,NYC_GOID_000318,NYC Health + Hospitals,BudgetCode,819.0,819,System_GlobalRule,Formatted BudgetCode,,,NYCGO Admin UI,FORMAT_BUDGET_CODE
demo-20251202_140327_108,2025-12-02T14:03:28.101401,NYC_GOID_000335,New York Public Library,BudgetCode,37.0,037,System_GlobalRule,Formatted BudgetCode,,,NYCGO Admin UI,FORMAT_BUDGET_CODE
demo-20251202_140327_109,2025-12-02T14:03:28.101596,NYC_GOID_000343,New York City Office of the Actuary,BudgetCode,8.0,008,System_GlobalRule,Formatted BudgetCode,,,NYCGO Admin UI,FORMAT_BUDGET_CODE
demo-20251202_140327_110,2025-12-02T14:03:28.101810,NYC_GOID_000344,Office of the Administrative Justice Coordinator,BudgetCode,2.0,002,System_GlobalRule,Formatted BudgetCode,,,NYCGO Admin UI,FORMAT_BUDGET_CODE
demo-20251202_140327_111,2025-12-02T14:03:28.102066,NYC_GOID_000345,Office of Administrative Tax Appeals,BudgetCode,21.0,021,System_GlobalRule,Formatted BudgetCode,,,NYCGO Admin UI,FORMAT_BUDGET_CODE
demo-20251202_140327_112,2025-12-02T14:03:28.102312,NYC_GOID_000346,Office of Administrative Trials and Hearings,BudgetCode,820.0,820,System_GlobalRule,Formatted BudgetCode,,,NYCGO Admin UI,FORMAT_BUDGET_CODE
demo-20251202_140327_113,2025-12-02T14:03:28.102560,NYC_GOID_000347,Office of Asylum Seeker Operations,BudgetCode,2.0,002,System_GlobalRule,Formatted BudgetCode,,,NYCGO Admin UI,FORMAT_BUDGET_CODE
demo-20251202_140327_114,2025-12-02T14:03:28.102798,NYC_GOID_000349,Office of Capital Project Development,BudgetCode,2.0,002,System_GlobalRule,Formatted BudgetCode,,,NYCGO Admin UI,FORMAT_BUDGET_CODE
demo-20251202_140327_115,2025-12-02T14:03:28.103058,NYC_GOID_000351,Mayor's Office for Childcare and Early Childhood Education,BudgetCode,2.0,002,System_GlobalRule,Formatted BudgetCode,,,NYCGO Admin UI,FORMAT_BUDGET_CODE
demo-20251202_140327_116,2025-12-02T14:03:28.103316,NYC_GOID_000353,Office of Climate Resiliency,BudgetCode,2.0,002,System_GlobalRule,Formatted BudgetCode,,,NYCGO Admin UI,FORMAT_BUDGET_CODE
demo-20251202_140327_117,2025-12-02T14:03:28.103581,NYC_GOID_000354,Office of Collective Bargaining,BudgetCode,313.0,313,System_GlobalRule,Formatted BudgetCode,,,NYCGO Admin UI,FORMAT_BUDGET_CODE
demo-20251202_140327_118,2025-12-02T14:03:28.103828,NYC_GOID_000355,Office of Community Hiring,BudgetCode,2.0,002,System_GlobalRule,Formatted BudgetCode,,,NYCGO Admin UI,FORMAT_BUDGET_CODE
demo-20251202_140327_119,2025-12-02T14:03:28.104104,NYC_GOID_000356,Mayor's Office of Community Mental Health,BudgetCode,2.0,002,System_GlobalRule,Formatted BudgetCode,,,NYCGO Admin UI,FORMAT_BUDGET_CODE
demo-20251202_140327_120,2025-12-02T14:03:28.104335,NYC_GOID_000361,Mayor's Office of Innovation and Emerging Markets,BudgetCode,2.0,002,System_GlobalRule,Formatted BudgetCode,,,NYCGO Admin UI,FORMAT_BUDGET_CODE
demo-20251202_140327_121,2025-12-02T14:03:28.104573,NYC_GOID_000362,Mayor's Office of Civic Engagement,BudgetCode,2.0,002,System_GlobalRule,Formatted BudgetCode,,,NYCGO Admin UI,FORMAT_BUDGET_CODE
demo-20251202_140327_122,2025-12-02T14:03:28.104780,NYC_GOID_000363,Mayor's Office of Environmental Coordination,BudgetCode,2.0,002,System_GlobalRule,Formatted BudgetCode,,,NYCGO Admin UI,FORMAT_BUDGET_CODE
demo-20251202_140327_123,2025-12-02T14:03:28.105028,NYC_GOID_000364,Mayor's Office of Environmental Remediation,BudgetCode,2.0,002,System_GlobalRule,Formatted BudgetCode,,,NYCGO Admin UI,FORMAT_BUDGET_CODE
demo-20251202_140327_124,2025-12-02T14:03:28.105266,NYC_GOID_000367,Office of Healthcare Accountability,BudgetCode,2.0,002,System_GlobalRule,Formatted BudgetCode,,,NYCGO Admin UI,FORMAT_BUDGET_CODE
demo-20251202_140327_125,2025-12-02T14:03:28.105504,NYC_GOID_000369,Office of Innovation and Delivery,BudgetCode,2.0,002,System_GlobalRule,Formatted BudgetCode,,,NYCGO Admin UI,FORMAT_BUDGET_CODE
demo-20251202_140327_126,2025-12-02T14:03:28.105730,NYC_GOID_000371,Office of Labor Relations,BudgetCode,2.0,002,System_GlobalRule,Formatted BudgetCode,,,NYCGO Admin UI,FORMAT_BUDGET_CODE
demo-20251202_140327_127,2025-12-02T14:03:28.105974,NYC_GOID_000373,Office of Long-Term Planning and Sustainability,BudgetCode,2.0,002,System_GlobalRule,Formatted BudgetCode,,,NYCGO Admin UI,FORMAT_BUDGET_CODE
demo-20251202_140327_128,2025-12-02T14:03:28.106272,NYC_GOID_000374,Mayor's Office of Management and Budget,BudgetCode,2.0,002,System_GlobalRule,Formatted BudgetCode,,,NYCGO Admin UI,FORMAT_BUDGET_CODE
demo-20251202_140327_129,2025-12-02T14:03:28.106512,NYC_GOID_000380,Office of Scheduling and Executive Operations,BudgetCode,2.0,002,System_GlobalRule,Formatted BudgetCode,,,NYCGO Admin UI,FORMAT_BUDGET_CODE
demo-20251202_140327_130,2025-12-02T14:03:28.106764,NYC_GOID_000382,Office of Technology and Innovation,BudgetCode,2.0,002,System_GlobalRule,Formatted BudgetCode,,,NYCGO Admin UI,FORMAT_BUDGET_CODE
demo-20251202_140327_131,2025-12-02T14:03:28.107007,NYC_GOID_000384,Office of Workforce Development,BudgetCode,2.0,002,System_GlobalRule,Formatted BudgetCode,,,NYCGO Admin UI,FORMAT_BUDGET_CODE
demo-20251202_140327_132,2025-12-02T14:03:28.107245,NYC_GOID_000385,Mayor's Office for Prevention of Hate Crimes,BudgetCode,2.0,002,System_GlobalRule,Formatted BudgetCode,,,NYCGO Admin UI,FORMAT_BUDGET_CODE
demo-20251202_140327_133,2025-12-02T14:03:28.107506,NYC_GOID_000388,Pay Equity Cabinet,BudgetCode,2.0,002,System_GlobalRule,Formatted BudgetCode,,,NYCGO Admin UI,FORMAT_BUDGET_CODE
demo-20251202_140327_134,2025-12-02T14:03:28.107744,NYC_GOID_000389,New York City Police Department,BudgetCode,56.0,056,System_GlobalRule,Formatted BudgetCode,,,NYCGO Admin UI,FORMAT_BUDGET_CODE
demo-20251202_140327_135,2025-12-02T14:03:28.107954,NYC_GOID_000396,Office of the Public Advocate,BudgetCode,101.0,101,System_GlobalRule,Formatted BudgetCode,,,NYCGO Admin UI,FORMAT_BUDGET_CODE
demo-20251202_140327_136,2025-12-02T14:03:28.108178,NYC_GOID_000399,Office of the Public Realm,BudgetCode,2.0,002,System_GlobalRule,Formatted BudgetCode,,,NYCGO Admin UI,FORMAT_BUDGET_CODE
demo-20251202_140327_137,2025-12-02T14:03:28.108391,NYC_GOID_000402,Queens Public Library,BudgetCode,39.0,039,System_GlobalRule,Formatted BudgetCode,,,NYCGO Admin UI,FORMAT_BUDGET_CODE
demo-20251202_140327_138,2025-12-02T14:03:28.108606,NYC_GOID_000416,School Construction Authority,BudgetCode,44.0,044,System_GlobalRule,Formatted BudgetCode,,,NYCGO Admin UI,FORMAT_BUDGET_CODE
demo-20251202_140327_139,2025-12-02T14:03:28.108812,NYC_GOID_000436,New York City Taxi and Limousine Commission,BudgetCode,156.0,156,System_GlobalRule,Formatted BudgetCode,,,NYCGO Admin UI,FORMAT_BUDGET_CODE
demo-20251202_140327_140,2025-12-02T14:03:28.109080,NYC_GOID_000468,New York City Young Men's Initiative,BudgetCode,2.0,002,System_GlobalRule,Formatted BudgetCode,,,NYCGO Admin UI,FORMAT_BUDGET_CODE
demo-20251202_140327_141,2025-12-02T14:03:28.109300,NYC_GOID_000471,Mayor's Office - Senior Adviser to the Mayor and Director of Scheduling,BudgetCode,2.0,002,System_GlobalRule,Formatted BudgetCode,,,NYCGO Admin UI,FORMAT_BUDGET_CODE
demo-20251202_140327_142,2025-12-02T14:03:28.109519,NYC_GOID_000472,Mayor's Office - Senior Adviser for Severe Mental Illness,BudgetCode,2.0,002,System_GlobalRule,Formatted BudgetCode,,,NYCGO Admin UI,FORMAT_BUDGET_CODE
demo-20251202_140327_143,2025-12-02T14:03:28.109722,NYC_GOID_000474,Director of Rodent Mitigation,BudgetCode,2.0,002,System_GlobalRule,Formatted BudgetCode,,,NYCGO Admin UI,FORMAT_BUDGET_CODE
demo-20251202_140327_144,2025-12-02T14:03:28.109924,NYC_GOID_000476,Metropolitan Transportation Authority,BudgetCode,998.0,998,System_GlobalRule,Formatted BudgetCode,,,NYCGO Admin UI,FORMAT_BUDGET_CODE
demo-20251202_140327_145,2025-12-02T14:03:28.110181,NYC_GOID_100007,Director of Communications,BudgetCode,2.0,002,System_GlobalRule,Formatted BudgetCode,,,NYCGO Admin UI,FORMAT_BUDGET_CODE
demo-20251202_140327_146,2025-12-02T14:03:28.110402,NYC_GOID_100008,Office of Creative Communications,BudgetCode,2.0,002,System_GlobalRule,Formatted BudgetCode,,,NYCGO Admin UI,FORMAT_BUDGET_CODE
demo-20251202_140327_147,2025-12-02T14:03:28.110611,NYC_GOID_100019,Mayor's Office of Faith-Based and Community Partnerships,BudgetCode,2.0,002,System_GlobalRule,Formatted BudgetCode,,,NYCGO Admin UI,FORMAT_BUDGET_CODE
demo-20251202_140327_148,2025-12-02T14:03:28.110827,NYC_GOID_100018,Mayor's Office to Prevent Gun Violence,BudgetCode,2.0,002,System_GlobalRule,Formatted BudgetCode,,,NYCGO Admin UI,FORMAT_BUDGET_CODE
demo-20251202_140327_149,2025-12-02T14:03:28.111082,NYC_GOID_100029,Office Conversion Accelerator,BudgetCode,2.0,002,System_GlobalRule,Formatted BudgetCode,,,NYCGO Admin UI,FORMAT_BUDGET_CODE
demo-20251202_140327_150,2025-12-02T14:03:28.111845,NYC_GOID_000006,Advisory Council to the Center for Workplace Accessibility and Inclusion,NYC.gov Agency Directory,True,False,System_GlobalRule,"OperationalStatus is 'Verification Pending', not Active",SYNC_DIRECTORY_STATUS,,NYCGO Admin UI,SYNC_NYCGOV_DIRECTORY
demo-20251202_140327_151,2025-12-02T14:03:28.117949,NYC_GOID_000112,Commission on Public Information and Communication,NYC.gov Agency Directory,True,False,System_GlobalRule,"OperationalStatus is 'Verification Pending', not Active",SYNC_DIRECTORY_STATUS,,NYCGO Admin UI,SYNC_NYCGOV_DIRECTORY
demo-20251202_140327_152,2025-12-02T14:03:28.122728,NYC_GOID_000183,Environmental Justice Advisory Board,NYC.gov Agency Directory,True,False,System_GlobalRule,"OperationalStatus is 'Verification Pending', not Active",SYNC_DIRECTORY_STATUS,,NYCGO Admin UI,SYNC_NYCGOV_DIRECTORY
demo-20251202_140327_153,2025-12-02T14:03:28.123596,NYC_GOID_000197,Franchise and Concession Review Committee,NYC.gov Agency Directory,True,False,System_GlobalRule,"OperationalStatus is 'Verification Pending', not Active",SYNC_DIRECTORY_STATUS,,NYCGO Admin UI,SYNC_NYCGOV_DIRECTORY
demo-20251202_140327_154,2025-12-02T14:03:28.124976,NYC_GOID_000239,Local Conditional Release Commission,NYC.gov Agency Directory,True,False,System_GlobalRule,"OperationalStatus is 'Verification Pending', not Active",SYNC_DIRECTORY_STATUS,,NYCGO Admin UI,SYNC_NYCGOV_DIRECTORY
demo-20251202_140327_155,2025-12-02T14:03:28.125413,NYC_GOID_000249,Mayor's Fund Board of Advisors,NYC.gov Agency Directory,True,False,System_GlobalRule,"OperationalStatus is 'Excluded', not Active",SYNC_DIRECTORY_STATUS,,NYCGO Admin UI,SYNC_NYCGOV_DIRECTORY
demo-20251202_140327_156,2025-12-02T14:03:28.127644,NYC_GOID_000333,New York Community Trust Distribution Committee,NYC.gov Agency Directory,True,False,System_GlobalRule,"OperationalStatus is 'Verification Pending', not Active",SYNC_DIRECTORY_STATUS,,NYCGO Admin UI,SYNC_NYCGOV_DIRECTORY
demo-20251202_140327_157,2025-12-02T14:03:28.127971,NYC_GOID_000341,NYPD Pension Fund Board of Trustees,NYC.gov Agency Directory,True,False,System_GlobalRule,"OperationalStatus is 'Excluded', not Active",SYNC_DIRECTORY_STATUS,,NYCGO Admin UI,SYNC_NYCGOV_DIRECTORY
demo-20251202_140327_158,2025-12-02T14:03:28.131210,NYC_GOID_000460,Waterfront Management Advisory Board,NYC.gov Agency Directory,True,False,System_GlobalRule,"OperationalStatus is 'Verification Pending', not Active",SYNC_DIRECTORY_STATUS,,NYCGO Admin UI,SYNC_NYCGOV_DIRECTORY
demo-20251202_140327_1,2025-12-02T14:03:28.135633,NYC_GOID_000124,Conflicts of Interest Board,PrincipalOfficerFullName,Carolyn Miller,Test name - not real (12-1-25) - try 2,admin_ui_edits.csv,"Set to ""Test name - not real (12-1-25) - try 2",test,,NYCGO Admin UI,direct_set
